"Source:","/home/farlepet/projects/electronics/test_equipment/keithley_615_printer_board/50PinTestBoard/50PinTestBoard.kicad_sch"
"Date:","Sat 04 Feb 2023 09:08:30 PM CST"
"Tool:","Eeschema (6.0.11)"
"Generator:","/usr/share/kicad/plugins/bom_csv_grouped_by_value.py"
"Component Count:","98"

"Item","Qty","Reference(s)","Value","LibPart","Footprint","Datasheet","DigiKey"
"1","23","D1, D2, D3, D4, D5, D6, D7, D8, D9, D10, D11, D12, D13, D14, D15, D16, D17, D18, D19, D20, D21, D22, D23","LED","Device:LED","LED_SMD:LED_0603_1608Metric","~","https://www.digikey.com/en/products/detail/harvatek-corporation/B1911NG-20D000214U1930/15519989"
"2","1","J1","Keithley_50-Pin_Connector","lib_symbols:Keithley_50-Pin_Connector","footprints:NorComp_112-050-213R001","","https://www.digikey.com/en/products/detail/norcomp-inc/112-050-213R001/955161"
"3","23","Q1, Q2, Q3, Q4, Q5, Q6, Q7, Q8, Q9, Q10, Q11, Q12, Q13, Q14, Q15, Q16, Q17, Q18, Q19, Q20, Q21, Q22, Q23","BC848W","Transistor_BJT:BC848W","Package_TO_SOT_SMD:SOT-323_SC-70","http://www.infineon.com/dgdl/Infineon-BC847SERIES_BC848SERIES_BC849SERIES_BC850SERIES-DS-v01_01-en.pdf?fileId=db3a304314dca389011541d4630a1657","https://www.digikey.com/en/products/detail/nexperia-usa-inc/BC848W-115/1232299"
"4","23","R1, R2, R3, R4, R5, R6, R7, R8, R9, R10, R11, R12, R13, R27, R28, R29, R30, R31, R32, R33, R34, R35, R36","50k","Device:R_Small","Resistor_SMD:R_0603_1608Metric","~","https://www.digikey.com/en/products/detail/walsin-technology-corporation/WR06X473-JTL/13240660"
"5","23","R14, R15, R16, R17, R18, R19, R20, R21, R22, R23, R24, R25, R26, R37, R38, R39, R40, R41, R42, R43, R44, R45, R46","6.8k","Device:R_Small","Resistor_SMD:R_0603_1608Metric","~","https://www.digikey.com/en/products/detail/walsin-technology-corporation/WR06X682-JTL/13240888"
"6","2","R47, R48","0","Device:R_Small","Resistor_SMD:R_0603_1608Metric","~","https://www.digikey.com/en/products/detail/walsin-technology-corporation/WR06X000-PTL/5978108"
"7","1","SW1","SW_Push","Switch:SW_Push","Button_Switch_SMD:SW_SPST_PTS810","~","https://www.digikey.com/en/products/detail/c-k/PTS810-SJK-250-SMTR-LFS/4176611"
"8","2","SW2, SW3","SW_SPST","Switch:SW_SPST","Button_Switch_SMD:SW_SPDT_CK-JS102011SAQN","~","https://www.digikey.com/en/products/detail/c-k/JS102011SAQN/1640095"
